商品标题,商品价格,商品链接,评论量,标签
Python编程实战100例 （微课视频版）chatgpt聊天机器人核心编程应用实例图形界面编程自动化编程网络爬虫数据分析Office自动化图形界面编程数据库开发网络编程爬虫数据分析 编程,￥53.88,https://item.jd.com/10037672406859.html?bbtf=1,200+,放心购
Python编程三剑客新版：Python编程从入门到实践第2版+快速上手第2版+极客编程（套装3册）,￥133.90,https://item.jd.com/12842874.html?bbtf=1,50万+,自营
Python编程 从入门到实践 第3版（图灵出品）,￥69.80,https://item.jd.com/11993134.html?bbtf=1,50万+,自营
零基础学Python（Python3.10全新升级）（基础入门 同步视频 技术答疑）,￥38.30,https://item.jd.com/12353915.html?bbtf=1,20万+,自营 
【新华书店 正版包邮】Python编程 从入门到实践(第2版),￥45.90,https://item.jd.com/21738292624.html?bbtf=1,1万+,免邮 满150-10
零基础Python从入门到实践 编程从入门到实践编程语言与程序设计书籍基础教程学习手册从入门到实战系列,￥34.90,https://item.jd.com/13730984.html?bbtf=1,5000+,自营
数学要素 全彩图解+微课+Python编程 鸢尾花书从加减乘除到机器学习Github/知乎数学可视化大神生姜博士作品硬核品鉴数学之美,￥142.80,https://item.jd.com/13716507.html?bbtf=1,500+,自营
流畅的Python（第2版）（图灵出品）,￥99.90,https://item.jd.com/13888566.html?bbtf=1,1000+,自营
Python编程从入门到精通 第2二版计算机电脑编程入门自学零基础教程全套书籍 pathon编程从入门到实践基础教程语言程序设计,￥37.92,https://item.jd.com/34608882177.html?bbtf=1,1万+,免邮 满99-5
深度学习入门 基于Python的理论与实现（AI入门鱼书！了解ChatGPT底层逻辑！图灵出品）,￥34.90,https://item.jd.com/13288842.html?bbtf=1,20万+,自营
Python语言程序设计基础（第2版）教育部大学计算机课程改革项目规划教材,￥30.80,https://item.jd.com/12128326.html?bbtf=1,2万+,自营
Python从入门到精通（第2版）,￥63.00,https://item.jd.com/13284890.html?bbtf=1,10万+,自营
千锋教育python商业数据分析python爬虫powerbi可视化tableau教程视频 【就业课】数据分析+签订协议+推荐就业,￥7080.00,https://item.jd.com/10068220880731.html?bbtf=1,7,
Python3网络爬虫开发实战 第2版（图灵出品）,￥69.90,https://item.jd.com/13527222.html?bbtf=1,50万+,自营
Python基础教程（第3版）(图灵出品),￥78.20,https://item.jd.com/12279949.html?bbtf=1,50万+,自营
Python精粹,￥54.00,https://item.jd.com/13708893.html?bbtf=1,31,自营 新品
Python青少年趣味编程8-15岁 儿童中小学少儿编程入门到实践 零基础学python儿童电脑编程教材（彩印+微课视频讲解）编程真好玩编程思维启蒙教材书籍,￥34.90,https://item.jd.com/12821118.html?bbtf=1,2万+,自营
零基础Python编程从入门到精通,￥22.10,https://item.jd.com/13561470.html?bbtf=1,2000+,自营
Python深度学习(异步图书出品),￥46.60,https://item.jd.com/12376668.html?bbtf=1,20万+,自营
Python学习手册（套装上下册）（原书第5版）,￥164.20,https://item.jd.com/12452929.html?bbtf=1,5万+,自营 
Excel+Python 飞速搞定数据分析与处理（图灵出品）,￥44.90,https://item.jd.com/13123121.html?bbtf=1,50万+,自营
利用Python进行数据分析（原书第2版）,￥98.20,https://item.jd.com/12398725.html?bbtf=1,5万+,自营
DK编程真好玩：9岁开始学Python （爱心树童书）,￥59.00,https://item.jd.com/12709084.html?bbtf=1,2万+,自营
【职场“摸鱼”神器】Python自动化办公：3分钟完成一天工作(博文视点出品),￥44.50,https://item.jd.com/12872515.html?bbtf=1,1万+,自营
【新华正版 现货包邮】Python编程 从入门到实践(第3版) 图书,￥69.80,https://item.jd.com/10074044175677.html?bbtf=1,0,
Python王者归来（增强版）,￥84.50,https://item.jd.com/13446856.html?bbtf=1,2万+,自营
Python编程快速上手 让繁琐工作自动化 第2版(异步图书出品）,￥66.70,https://item.jd.com/13131482.html?bbtf=1,50万+,自营
我跟爸爸学编程：从Python到C++,￥46.60,https://item.jd.com/12900874.html?bbtf=1,500+,自营
Python机器学习基础教程(图灵出品),￥59.20,https://item.jd.com/12301195.html?bbtf=1,10万+,自营
Python黑帽子：黑客与渗透测试编程之道（第2版）(博文视点出品),￥50.00,https://item.jd.com/13120229.html?bbtf=1,2万+,自营
